Gov body,Time of day,Frequency,Livestream,Link to board agenda site,Link to board home page,Notes,County,parseable,agenda-location,agenda-format
Allouez Village Board,6:30 p.m.,1st and 3rd Tuesdays,,https://www.villageofallouezwi.gov/archives/village-board/,https://www.villageofallouezwi.gov/directory/village-of-allouez-board/,They post the meeting audio after the fact,Brown,,,html
Ashwaubenon School Board,6:30 p.m.,2nd Wednesday,,https://www.ashwaubenon.k12.wi.us/about-our-district/school-board/meetings-agendas-and-minutes,https://www.ashwaubenon.k12.wi.us/about-our-district/school-board,,Brown,,,
Ashwaubenon Village Board,5:30 p.m.,4th Tuesday,Yes - on YouTube,https://ashwaubenon.gov/government/departments/clerk/agendas-minutes/,https://ashwaubenon.gov/government/departments/administration/boards-commissions-committees/village-board/,,Brown,,,
Bellevue Village Board,6:30 p.m.,2nd and 4th Wednesdays,,https://www.villageofbellevuewi.gov/government/boards_and_commissions/village_board,https://www.villageofbellevuewi.gov/government/village_board_contacts,,Brown,,,
Brown Co. Board,7 p.m.,3rd Wednesday,,https://www.browncountywi.gov/government/minutes_and_agendas/,https://www.browncountywi.gov/government/county_board/,,Brown,,,
De Pere Common Council,7:30 p.m.,1st and 3rd Tuesdays,Yes,https://deperewi.portal.civicclerk.com/,https://www.deperewi.gov/department/index.php?structureid=3,The livestream their meetings,Brown,y,CivicClerk,
De Pere School Board,6 p.m.,1st and 3rd Monday,,https://www.deperek12.org/district/board-of-education/meetings-minutes-agendas,https://www.deperek12.org/district/board-of-education,,Brown,,,
Denmark School Board,6 p.m.,2nd Monday,,https://go.boarddocs.com/wi/den/Board.nsf/Public,https://www.denmark.k12.wi.us/page/board-of-education,,Brown,y,BoardDocs,
Denmark Village Board,4:30 p.m.,2nd Monday,,https://www.denmark-wi.org/meetings/,https://www.denmark-wi.org/village-board/,,Brown,y,TownWeb,pdf
Eaton Town Board,6 p.m.,1st Monday,,https://www.eatonbrowncountywi.gov/agendasandminutes,https://www.eatonbrowncountywi.gov/boardandstaff,,Brown,,,
Glenmore Town Board,7:30 p.m.,1st Monday,,https://www.glenmorewisconsin.gov/townmeetings,https://www.glenmorewisconsin.gov/townofficials,They don't seem to post agendas or meeting minutes online regularly,Brown,,,
Green Bay Area Public Schools BoE,6 p.m.,2nd and 4th Mondays,Yes - on YouTube,https://go.boarddocs.com/wi/gbapsd/Board.nsf/Public,https://www.gbaps.org/aboutgbaps/board-of-education,"Working session tends to be 2nd Monday of the month, Regular board meeting on the 4th Monday",Brown,y,BoardDocs,
Green Bay City Council,6 p.m.,1st and 3rd Tuesdays,Yes - on YouTube,https://www.greenbaywi.gov/129/Meetings-Agendas-Minutes,https://www.greenbaywi.gov/617/Common-Council,,Brown,,,
Green Bay School Board,6 p.m.,2nd and 4th Mondays,Yes - on YouTube,https://go.boarddocs.com/wi/gbapsd/Board.nsf/Public,https://www.gbaps.org/aboutgbaps/board-of-education,,Brown,y,BoardDocs,
Green Bay Town Board,7 p.m.,2nd Tuesday,,https://www.townofgreenbay.com/2026-town-board-documents/,https://www.townofgreenbay.com/officials/elected-officials/,,Brown,,,
Greenleaf Village Board,5:30 p.m.,2nd Wednesday,,https://villageofgreenleaf.org/agendas-minutes/,https://villageofgreenleaf.org/departments/village-board/village-board-staff/,,Brown,,,
Hobart Village Board,6 p.m.,1st and 3rd Tuesdays,,https://www.hobartwi.gov/village-board,https://www.hobartwi.gov/village-board,,Brown,,,
Holland Town Board,6:30 p.m.,1st Wednesday,,https://hollandbrowncountywi.gov/meetings/,https://hollandbrowncountywi.gov/town-board-officers/,,Brown,,,
Howard Village Board,6:30 p.m.,2nd and 4th Mondays,Virtual option available via Zoom,https://www.villageofhoward.com/AgendaCenter,https://www.villageofhoward.com/208/Village-President-Board-of-Trustees,"They livestream on Zoom, not sure if they post the recording anywhere. ",Brown,,,
Howard-Suamico School Board,6 p.m.,2nd and 4th Mondays,,https://drive.google.com/drive/folders/18VYFYNouEmVmfJ4VGiZcpyB1I7nop-Sv,https://www.hssdschools.org/district/board-of-education,,Brown,,,
Humboldt Town Board,7 p.m.,1st Monday,,https://humboldt-wi.gov/agendas-minutes/,https://humboldt-wi.gov/town-board-staff/,,Brown,y,TownWeb,pdf
Lawrence Town Board,6 p.m.,2nd and 4th Monday,,https://www.lawrencewi.gov/egov/apps/document/center.egov?view=browse&eGov_searchTitle=&eGov_searchType=27&eGov_searchDepartment=23&eGov_searchCategory=&eGov_searchTopic=&eGov_searchYear=&eGov_searchSubmit=Search,https://www.lawrencewi.gov/department/division.php?structureid=25,,Brown,,,
Ledgeview Town Board,6 p.m.,1st and 3rd Monday,,https://www.ledgeview.wi.gov/meetings,https://www.ledgeview.wi.gov/town-board,,Brown,,,
Morrison Town Board,7:30 p.m.,2nd Tuesday,,https://townofmorrison.org/agendas-minutes/,https://townofmorrison.org/town-board/,,Brown,y,TownWeb,pdf
New Denmark Town Board,7 p.m.,2nd Monday,,https://townofnewdenmarkwi.gov/agendas-minutes/,https://townofnewdenmarkwi.gov/town-board/,,Brown,y,TownWeb,pdf
Pittsfield Town Board,6 p.m.,2nd Tuesday,,https://townofpittsfield.org/agendas/,https://townofpittsfield.org/town-contacts/,,Brown,,,
Pulaski School Board,6 p.m.,1st and 3rd Wednesdays,Yes - on YouTube,https://www.pulaskischools.org/boe/meetings-agendas,https://www.pulaskischools.org/boe,,Brown,,,
Pulaski Village Board,6 p.m.,1st Monday,,https://www.villageofpulaski.org/government/village_board/agendas_minutes.php#outer-241,https://www.villageofpulaski.org/government/village_board/index.php,They seem to have special meetings every month. ,Brown,,,
Rockland Town Board,7 p.m.,1st and 3rd Monday,,https://www.rocklandbrownwi.gov/agendas,https://www.rocklandbrownwi.gov/board,,Brown,,,
Scott Town Board,5:30 p.m.,2nd Tuesday,,https://www.townofscott.com/agendas-minutes/,https://www.townofscott.com/elected-officials/,,Brown,,,
Suamico Village Board,6 p.m.,1st and 3rd Mondays,Yes - on YouTube,https://www.suamico.org/government/agendas_minutes_and_packets.php,https://www.suamico.org/government/village_board/index.php,,Brown,,,
West De Pere School Board,5:30 p.m.,3rd Tuesday,,https://www.wdpsd.com/district/board-meetings.cfm,https://www.wdpsd.com/district/board-of-education.cfm,,Brown,,,
Wrightstown School Board,6 p.m.,1st Wednesday,,https://go.boarddocs.com/wi/wrightstown/Board.nsf/Public,https://www.wrightstown.k12.wi.us/board,,Brown,y,BoardDocs,
Wrightstown Town Board,6:30 p.m.,2nd Wednesday,,https://villageofgreenleaf.org/agendas-minutes/,https://villageofgreenleaf.org/town-board-staff/,,Brown,,,
Wrightstown Village Board,6 p.m.,1st and 3rd Tuesdays,,https://www.wrightstown.us/documents/departments/clerk-%2F-treasurer/agenda-archives/2026-agendas/866061,https://www.wrightstown.us/page/administration,,Brown,,,
Appleton Common Council,7 p.m.,1st and 3rd Wednesdays,,https://cityofappleton.legistar.com/DepartmentDetail.aspx?ID=21236&GUID=5195F776-2598-4DA1-AEC9-17332BBCE3AC&Mode=MainBody,https://www.appletonwi.gov/government/common_council.php,,Outagamie,,,
Appleton School Board,6 p.m.,2nd and 4th Mondays,Yes,https://www.aasd.k12.wi.us/district/leadership/board-of-education,https://www.aasd.k12.wi.us/district/leadership/board-of-education,Scroll down on Board main page for agendas and minutes; Scroll down on the agenda page for info on livestream,Outagamie,,,
Bear Creek Village Board,7 p.m.,2nd Monday,,https://www.villageofbearcreek.net/agendas-minutes/,https://villageofbearcreek.net/village-board/,,Outagamie,y,TownWeb,pdf
Black Creek Town Board,7 p.m.,2nd Monday,,https://www.blackcreekwi.org/agendas-minutes/,https://www.blackcreekwi.org/town-contacts/,,Outagamie,,,
Black Creek Village Board,6:30 p.m.,2nd Monday,,https://www.villageofblackcreek.com/agendas-minutes/,https://villageofblackcreek.com/staff-directory/,,Outagamie,y,TownWeb,pdf
Bovina Town Board,4 or 5 p.m.,Varies,,https://tn.bovina.wi.gov/agendas-minutes/,,,Outagamie,y,TownWeb,pdf
Buchanan Town Board,6 p.m.,3rd Tuesday,Yes - see agenda link,https://www.townofbuchanan.org/your-government/agendas-minutes,https://www.townofbuchanan.org/your-government/town-board,,Outagamie,,,
Center Town Board,7 p.m.,2nd Monday,,https://centerwi.gov/agendas-minutes/,https://centerwi.gov/departments/town-board/,,Outagamie,y,TownWeb,pdf
Cicero Town Board,7 p.m.,2nd Tuesday,,https://townofcicerowi.com/agendas-minutes/,https://townofcicerowi.com/town-contacts/,,Outagamie,y,TownWeb,pdf
Clintonville School Board,6 p.m.,2nd and 4th Mondays,,https://drive.google.com/drive/folders/19tJ4JvKAx_eGt9FDo2jCdR-4Ty8zfVm1,https://www.clintonville.k12.wi.us/page/board-of-education,,Outagamie,,,
Combined Locks Village Board,6:30 p.m.,1st and 3rd Tuesdays,,https://www.combinedlocks.wi.gov/alphabetical-quick-list/minutes-agendas/,https://www.combinedlocks.wi.gov/village-board/,,Outagamie,,,
Dale Town Board,7 p.m.,1st Monday,,https://townofdale.org/agendas-minutes/,https://townofdale.org/town-board/,,Outagamie,,,
Deer Creek Town Board,8 p.m.,2nd Tuesday,,https://townofdeercreek.com/agendas-minutes/,https://townofdeercreek.com/town-board-staff/,,Outagamie,,,
Ellington Town Board,6 p.m.,2nd and 4th Wednesday,,https://townofellington.wi.gov/agendasandminutes,https://townofellington.wi.gov/board,,Outagamie,,,
Fox Crossing Village Board,6 p.m.,2nd and 4th Mondays,,https://foxcrossingwi.gov/government/minutes-and-agendas/,https://foxcrossingwi.gov/government/village-board/,,Outagamie,,,
Freedom School Board,6:30 p.m.,3rd Monday,,https://www.freedomschools.k12.wi.us/district/board-meeting-agendas-25-26.cfm,https://www.freedomschools.k12.wi.us/district/board-of-education.cfm,,Outagamie,,,
Freedom Town Board,6 p.m.,4th Wednesday,,https://townoffreedomocwi.gov/town-board,https://townoffreedomocwi.gov/town-board,Scroll down to find the agendas,Outagamie,,,
Grand Chute Town Board,6:30 p.m.,1st and 3rd Tuesdays,,https://www.grandchutewi.gov/government/minutes_and_agendas/agendas/?commission=town-board,https://www.grandchutewi.gov/government/boards_and_commissions/,,Outagamie,,,
Greenville Village Board,5 p.m.,2nd and 4th Mondays,,https://www.townofgreenville.com/government/agendas_and_minutes.php,https://www.townofgreenville.com/government/boards_and_commissions.php,Scroll all the way down the list of committee meetings to get to Village Board,Outagamie,,,
Harrison Village Board,6 p.m.,2nd and 4th Tuesdays,,https://www.harrison.wi.gov/meetings,https://www.harrison.wi.gov/village-board,,Outagamie,,,
Hortonia Town Board,7 p.m.,3rd Tuesday,,https://www.townofhortonia.org/,https://www.townofhortonia.org/town-board,,Outagamie,,,
Hortonville School Board,7 p.m.,2nd and 4th Monday,,https://www.hasd.org/district/agendas.cfm,https://www.hasd.org/district/board-of-education.cfm,,Outagamie,,,
Hortonville Village Board,6 p.m.,1st and 3rd Thursday,,https://www.hortonvillewi.org/meetings/,https://www.hortonvillewi.org/village-board-and-committees/,,Outagamie,y,TownWeb,pdf
Howard Village Board,6:30 p.m.,2nd and 4th Mondays,,https://www.villageofhoward.com/AgendaCenter,https://www.villageofhoward.com/208/Village-President-Board-of-Trustees,,Outagamie,,,
Kaukauna Common Council,7 p.m.,1st and 3rd Tuesdays,,https://kaukauna-wi.municodemeetings.com/,https://www.kaukauna.gov/common-council/,,Outagamie,,,
Kaukauna School Board,5:30 p.m.,2nd and 4th Monday,,https://go.boarddocs.com/wi/kasd/Board.nsf/Public,https://www.kaukauna.k12.wi.us/district/board-of-education,,Outagamie,y,BoardDocs,
Kaukauna Town Board,6:30 p.m.,2nd Monday,,https://townofkaukauna.com/agenda-%26-meeting-minutes,https://townofkaukauna.com/town-board,,Outagamie,,,
Kimberly School Board,6:30 p.m.,2nd and 4th Mondays,,https://go.boarddocs.com/wi/kasdwi/Board.nsf/Public,https://www.kimberly.k12.wi.us/departments/boe,,Outagamie,y,BoardDocs,
Kimberly Village Board,5 p.m.,1st and 3rd Mondays,,https://www.vokimberlywi.gov/government/agenda-meeting-minutes/village-board/,https://www.vokimberlywi.gov/government/village-board-of-trustees/,,Outagamie,,,
Liberty Town Board,6 p.m.,2nd Wednesday,,https://townoflibertyocwi.gov/document-category/agendas/,https://townoflibertyocwi.gov/people/,,Outagamie,,,
Little Chute School Board,4:30 p.m.,2nd and 4th Mondays,,https://sites.google.com/littlechute.k12.wi.us/lcasdschoolboard/agendas/2025-2026-agendas?authuser=0,https://sites.google.com/littlechute.k12.wi.us/lcasdschoolboard/home,,Outagamie,,,
Little Chute Village Board,6 p.m.,1st and 3rd Wednesdays,,https://www.littlechutewi.org/Archive.aspx?AMID=30,https://www.littlechutewi.org/59/Meet-the-Village-Board,,Outagamie,,,
Maine Town Board,6:30 p.m.,2nd Monday,,https://townofmaineoutagamie.com/meetings/,https://townofmaineoutagamie.com/town-contacts/,,Outagamie,y,TownWeb,pdf
Maple Creek Town Board,6:30 p.m.,2nd Monday,,http://www.townofmaplecreek.com/meeting-items.html,http://www.townofmaplecreek.com/the-board.html,,Outagamie,,,
New London Common Council,6:30 p.m.,3rd Tuesday,,https://www.newlondonwi.org/departments/council.php,https://www.newlondonwi.org/elected_mayor_and_council/index.php,,Outagamie,,,
New London School Board,6 p.m.,2nd Monday,Yes - on YouTube,https://docs.google.com/document/d/e/2PACX-1vSm-ZfKT6DtL4DkK_2Ob9btmvhdLBrE3R0FLEg5YUbdh_MEGyr_VFFRPozC0rwL4rbBP3nxN2ALwuHU/pub,https://www.newlondon.k12.wi.us/district/boardofeducation.cfm,,Outagamie,,,
Nichols Village Board,6:30 p.m.,2nd Tuesday,,https://www.villageofnichols.com/agendas-minutes/,https://www.villageofnichols.com/village-officials/,,Outagamie,,,
Oneida Town Board,7 p.m.,2nd Wednesday,,https://www.townofoneida.org/town-board,https://www.townofoneida.org/town-board,Scroll down to see the latest agenda,Outagamie,,,
Osborn Town Board,6:30 p.m.,2nd Monday,,https://townofosborn.com/meetings/,https://townofosborn.com/town-contacts/,,Outagamie,y,TownWeb,pdf
Outagamie County Board,7 p.m.,2nd and 4th Tuesday,,https://www.outagamie.gov/Our-County/County-Clerk/County-Board-Information/Current-Year-County-Board-Packets,https://www.outagamie.gov/County-Board/County-Board-of-Supervisors,,Outagamie,,,
Pulaski School Board,6 p.m.,1st and 3rd Wednesdays,Yes - on YouTube,https://www.pulaskischools.org/boe/meetings-agendas,https://www.pulaskischools.org/boe,,Outagamie,,,
Seymour Common Council,6 p.m.,2nd and 4th Mondays,,https://www.cityofseymourwi.org/agendasminutes,https://www.cityofseymourwi.org/index.asp?SEC=853ED83E-6306-4F5A-B8A7-257C8160AD67,,Outagamie,,,
Seymour School Board,6:30 p.m.,4th Tuesday,,https://go.boarddocs.com/wi/seymour/Board.nsf/Public,https://www.seymour.k12.wi.us/district/school-board.cfm,,Outagamie,y,BoardDocs,
Seymour Town Board,6 p.m.,2nd Thursday,,https://www.townofseymour-outagamie.com/meetings/,https://www.townofseymour-outagamie.com/contacts/,,Outagamie,y,TownWeb,pdf
Shiocton School Board,6 p.m.,1st and 3rd Mondays,,https://www.shiocton.k12.wi.us/district/2025-2026-board-agendas.cfm,https://www.shiocton.k12.wi.us/district/school_board.cfm,,Outagamie,,,
Shiocton Village Board,6 p.m.,2nd Monday,,https://www.shiocton.org/clerk-treasurer/agendas/,https://www.shiocton.org/village-trustees-committees/,,Outagamie,,,
Vandenbroek Town Board,5 p.m.,2nd Wednesday,,https://vandenbroekwi.gov/2026-agenda-%26-minutes#e9440105-0574-4e0d-be0b-97d9cc6d0f38,https://vandenbroekwi.gov/town-board-1,,Outagamie,,,
West De Pere School Board,5:30 p.m.,3rd Tuesday,,https://www.wdpsd.com/district/board-meetings.cfm,https://www.wdpsd.com/district/board-of-education.cfm,,Outagamie,,,
Wrightstown School Board,6 p.m.,1st Wednesday,,https://go.boarddocs.com/wi/wrightstown/Board.nsf/Public,https://www.wrightstown.k12.wi.us/board,,Outagamie,y,BoardDocs,
Wrightstown Village Board,6 p.m.,1st and 3rd Tuesdays,,https://www.wrightstown.us/o/vow/page/agendas,https://www.wrightstown.us/page/contact,,Outagamie,,,
Winchester Town Board,7 p.m.,1st and 3rd Monday,,https://townofwinchesterwi.gov/agendas-minutes/#town-board,https://townofwinchesterwi.gov/town-board/,,Winnebago,y,TownWeb,pdf
Menasha Common Council,6 p.m.,1st and 3rd Monday,,https://menashawi.portal.civicclerk.com/,https://www.menashawi.gov/residents/government/common_council/index.php,,Winnebago,y,CivicClerk,
Winneconne School Board,6:30 p.m.,1st and 3rd Monday,,https://www.winneconne.k12.wi.us/district/school_board/agenda,https://www.winneconne.k12.wi.us/district/school_board/members,,Winnebago,,,
Omro Common Council,7 p.m.,1st and 3rd Tuesday,,https://omrocitywi.iqm2.com/Citizens/Default.aspx,https://www.omro-wi.com/city-council,,Winnebago,,,
Neenah School Board,6 p.m.,1st and 3rd Tuesday,Yes - on Google Meet,https://go.boarddocs.com/wi/neenah/Board.nsf/Public,https://www.neenah.k12.wi.us/about/board-of-education,,Winnebago,y,BoardDocs,
Clayton Town Board,6:30 p.m.,1st and 3rd Wednesday,,https://www.townofclayton.net/meetings,https://www.townofclayton.net/town-board-supervisors,,Winnebago,,,
Appleton Common Council,7 p.m.,1st and 3rd Wednesday,,https://cityofappleton.legistar.com/Calendar.aspx,https://appletonwi.gov/government/common_council.php,,Winnebago,,,
Neenah Common Council,6 p.m.,1st and 3rd Wednesday,,https://www2.ci.neenah.wi.us/committees.nsf/SimpleMonthly?OpenView&RestrictToCategory=2026-04,https://www.ci.neenah.wi.us/common-council/,,Winnebago,,,
Rushford Town Board,7 p.m.,1st Wednesday,,http://www.townofrushford.org/agendas/index.html,http://www.townofrushford.org/contactus/index.htm,,Winnebago,,,
Neenah Town Board,7 p.m.,2nd and 4th Monday,,https://townofneenah.com/agendas-minutes-2/,https://townofneenah.com/town-board/,,Winnebago,,,
Oshkosh Town Board,7 p.m.,2nd and 4th Monday,,https://www.townofoshkosh.com/agendas-minutes/,https://www.townofoshkosh.com/town-board-members/,,Winnebago,y,TownWeb,pdf
Fox Crossing Village Board,6 p.m.,2nd and 4th Monday,,https://foxcrossingwi.gov/government/minutes-and-agendas/,https://foxcrossingwi.gov/government/village-board/,,Winnebago,,,
Menasha School Board,6:15 p.m.,2nd and 4th Monday,,https://go.boarddocs.com/wi/mjsd/Board.nsf/Public,https://www.mjsd.k12.wi.us/district/board.cfm,,Winnebago,y,BoardDocs,
Appleton School Board,6 p.m.,2nd and 4th Mondays,Yes,https://www.aasd.k12.wi.us/district/leadership/board-of-education,https://www.aasd.k12.wi.us/district/leadership/board-of-education,Scroll down on Board main page for agendas and minutes; Scroll down on the agenda page for info on livestream,Winnebago,,,
Oshkosh Common Council,6 p.m.,2nd and 4th Tuesday,,https://www.oshkoshwi.gov/CityCouncil/Agenda.aspx,https://www.oshkoshwi.gov/CityCouncil/,,Winnebago,,,
Oshkosh School Board,6 p.m.,2nd and 4th Wednesday,Yes - on YouTube,2025-26 Board Meetings,https://www.oshkosh.k12.wi.us/board/board-members,,Winnebago,,,
Black Wolf Town Board,7 p.m.,2nd Monday,,https://townofblackwolf.com/departments/town-board/,https://townofblackwolf.com/departments/town-board/,Scroll down to see the town board members,Winnebago,,,
Utica Town Board,6 p.m.,2nd Monday,,https://townofuticawi.gov/agendas-minutes/,https://townofuticawi.gov/town-board-staff/town-board-members/,,Winnebago,y,TownWeb,pdf
Vinland Town Board,7 p.m.,2nd Monday,,https://townofvinlandwi.gov/agendas-minutes/,https://townofvinlandwi.gov/town-board-staff/,,Winnebago,,,
New London School Board,6 p.m.,2nd Wednesday,Yes - on YouTube,https://docs.google.com/document/d/e/2PACX-1vSm-ZfKT6DtL4DkK_2Ob9btmvhdLBrE3R0FLEg5YUbdh_MEGyr_VFFRPozC0rwL4rbBP3nxN2ALwuHU/pub,https://www.newlondon.k12.wi.us/district/boardofeducation.cfm,,Winnebago,,,
Omro School Board,6 p.m.,2nd Wednesday,,https://www.omro.k12.wi.us/o/sdo/page/board-meetings,https://www.omro.k12.wi.us/page/school-board,,Winnebago,,,
Nekimi Town Board,7 p.m.,3rd Monday,,https://www.townofnekimi.com/agendas-minutes/,https://www.townofnekimi.com/town-board/,"They post the agendas for upcoming meetings under the ""News and Notices"" section on the homepage",Winnebago,y,TownWeb,pdf
Nepeuskun Town Board,7 p.m.,3rd Monday,,https://townofnepeuskun.gov/agendas-minutes/,https://townofnepeuskun.gov/directory/,,Winnebago,,,
Omro Town Board,6 p.m.,3rd Monday,,https://www.townofomro.gov/agendasandminutes,https://www.townofomro.gov/townboard,,Winnebago,,,
Ripon School Board,6 p.m.,3rd Monday,,https://riponpublic.ic-board.com/,https://riponwi.cms4schools.net/board/members.cfm,,Winnebago,,,
Rosendale-Brandon School Board,7 p.m.,3rd Monday,,https://rbsdwi.cms4schools.net/district/meeting-packets.cfm,,,Winnebago,,,
Winneconne Town Board,6:30 p.m.,3rd Thursday,,https://townofwinneconne.gov/agendas-minutes/,https://townofwinneconne.gov/town-officials/,,Winnebago,y,TownWeb,pdf
Winneconne Village Board,5:30 p.m.,3rd Tuesday,,https://www.winneconnewi.gov/your_government/agendas___minutes/village_board.php,https://www.winneconnewi.gov/your_government/village_board.php,,Winnebago,,,
Algoma Town Board,6 p.m.,3rd Wednesday,,https://townofalgomawi.gov/agendas-minutes/,https://townofalgomawi.gov/town-boards/#town-board,,Winnebago,y,TownWeb,pdf
Poygan Town Board,7 p.m.,3rd Wednesday,,https://townofpoygan.com/agendas-minutes/,https://townofpoygan.com/town-board/,,Winnebago,y,TownWeb,pdf
Berlin School Board,7 p.m.,3rd Wednesday,Yes - on YouTube,https://berlinareaschooldistrictwi.sites.thrillshare.com/documents/district/school-board-information/meeting-agendas/2025-2026-agendas/849540,https://www.berlin.k12.wi.us/page/school-board-information,,Winnebago,,,
Wolf River Town Board,7 p.m.,4th Monday,,https://townofwolfriver.com/agendas-minutes/#town-board,https://townofwolfriver.com/town-board/,,Winnebago,,,
Weyauwega-Fremont School Board,6 p.m.,4th Monday,,https://www.wegafremont.k12.wi.us/page/boeagendas,https://www.wegafremont.k12.wi.us/page/board-members,,Winnebago,,,
Winnebago County Board,6 p.m.,Usually 3rd Tuesday,Yes - on YouTube,https://winnebagocowi.portal.civicclerk.com/?category_id=26,https://www.winnebagocountywi.gov/703/County-Board-of-Supervisors,Link to Board meeting sched / ,Winnebago,y,CivicClerk,
Amberg Town Board,6 p.m.,2nd Tuesday,,https://tn.amberg.wi.gov/meetings/,https://tn.amberg.wi.gov/board-members/,,Marinette,y,TownWeb,pdf
Athelstane Town Board,7 p.m.,2nd Tuesday,,,https://athelstanewi.com/,They post the minutes from their previous town meeting on the homepage. I didn't see any agendas,Marinette,,,
Beaver Town Board,6:30 p.m.,2nd Monday,,https://townofbeaver.org/index.php/meeting-agendas,https://townofbeaver.org/index.php/town-board-members,,Marinette,,,
Beecher Town Board,6 p.m.,2nd Tuesday,,https://townofbeecher.com/index.php/agendas,https://townofbeecher.com/index.php/town-officials,,Marinette,,,
Beecher-Dunbar-Pembine School Board,6 p.m.,4th Wednesday,,https://drive.google.com/drive/folders/1NJrLFShlWuMZlB12mOPfjgLiRiAbv0FK,https://www.pembine.k12.wi.us/312186_2,No agendas posted in 2026,Marinette,,,
Coleman School Board,6 p.m.,3rd Monday,,https://drive.google.com/drive/folders/12kNywoSHkYnE7DkDkF4FXShvMp9p0i-g,https://www.coleman.k12.wi.us/en-US/school-board-822c7233,Schedule for board meeting dates is on board home page,Marinette,,,
Coleman Village Board,6 p.m.,2nd Monday,,https://villageofcoleman.com/current-meeting-agendas/,https://villageofcoleman.com/board-members/,Agenda for March meeting was not posted on 4/2,Marinette,,,
Crivitz School Board,6 p.m.,3rd Wednesday,,https://www.crivitz.k12.wi.us/board-of-education/agendas/2025-26-board-agendas,https://www.crivitz.k12.wi.us/board-of-education/board-members,Audio available after the fact,Marinette,,,
Crivitz Village Board,6 p.m.,4th Wednesday,,https://www.villageofcrivitz.com/s-projects-side-by-side-1,https://www.villageofcrivitz.com/team-1,"Agendas are under the ""Notices"" page, not the ""Agendas"" page",Marinette,,,
Dunbar Town Board,6 p.m.,2nd Tuesday,,https://townofdunbar.com/meetings.htm,https://townofdunbar.com/townadministrators.htm,"The homepage says agendas are posted at the site I linked, but I only see meeting minutes from an inconsistent scattering of dates. ",Marinette,,,
Goodman Town Board,6:30 p.m.,3rd Monday,,https://townofgoodman.com/meetings/,https://townofgoodman.com/town-board/,,Marinette,y,TownWeb,pdf
Goodman-Armstrong School Board,6 p.m.,4th Wednesday,,https://www.goodman.k12.wi.us/page/school-board-agendas-and-minutes,No public listing of board members on the website that I could easily find,,Marinette,,,
Grover Town Board,6:30 p.m.,1st Wednesday,,https://www.townofgroverwi.com/government/agendas-and-minutes/,https://www.townofgroverwi.com/government/town-board/,,Marinette,,,
Lake Town Board,6 p.m.,2nd Monday,,https://townoflakewi.com/index.php/meeting-agendas,https://townoflakewi.com/index.php/town-officials,,Marinette,,,
Marinette Common Council,5 p.m.,1st Tuesday,,https://www.marinette.wi.us/AgendaCenter,https://www.marinette.wi.us/207/Common-Council,,Marinette,,,
Marinette County Board,9 a.m.,4th Tuesday,,https://www.marinettecountywi.gov/minutes_and_agendas/agendas/?committee=general,https://www.marinettecountywi.gov/county_board/,Find the schedule for the 2026 board meetings on the last page of this PDF,Marinette,,,
Marinette School Board,6 p.m.,3rd Tuesday,,https://drive.google.com/drive/folders/0B0Cf2wKh_FkqfnF6ekl1N0k4MjZYM3FVUDY5dWwxSF9lSXhhQmtEemJBMkxUOWhjQWhqMUE?resourcekey=0-zjw_dd5HsRWbiJbNaOLUZg,https://www.marinette.k12.wi.us/district/board-of-education,,Marinette,,,
Middle Inlet Town Board,6:30 p.m.,2nd Thursday,,https://townofmiddleinletwi.gov/agendasandminutes,https://townofmiddleinletwi.gov/electedofficials,,Marinette,,,
Niagara Common Council,5 p.m.,4th Wednesday,,https://www.cityofniagara.org/2026.html,https://www.cityofniagara.org/citygovernmentcourt/directory.html,,Marinette,,,
Niagara School Board,4:30 p.m.,2nd Wednesday,,https://www.niagara.k12.wi.us/district/2026-niagara-school-board-agendas-and-minutes.cfm,https://www.niagara.k12.wi.us/district/school-board.cfm,,Marinette,,,
Niagara Town Board,6 p.m.,3rd Tuesday,,https://www.townofniagarawi.com/meetings-agendas-news-notices,https://www.townofniagarawi.com/contact-us,,Marinette,,,
Pembine Town Board,6 p.m.,2nd Tuesday,,https://www.facebook.com/p/Town-of-Pembine-100064779336614/,,I kept getting an error message when I tried to access the town website. They post meeting agendas and minutes to the town FB page,Marinette,,,
Peshtigo Common Council,7 p.m.,1st Tuesday,,https://ci.peshtigo.wi.us/meetings/,,,Marinette,,,
Peshtigo School District,6 p.m.,2nd Wednesday,,https://www.peshtigo.k12.wi.us/district/agendas.cfm,https://www.peshtigo.k12.wi.us/district/board.cfm,,Marinette,,,
Pestigo Town Board,6 p.m.,3rd Tuesday,,https://townofpeshtigo.wi.gov/government/agendas-and-minutes/,https://townofpeshtigo.wi.gov/town-info/town-officials/,,Marinette,,,
Porterfield Town Board,6 p.m.,2nd Wednesday,,https://www.townofporterfield.com/agendas,https://www.townofporterfield.com/contact-1,,Marinette,,,
Pound Town Board,6 p.m.,2nd Tuesday,,https://townofpoundwi.com/meetings/,https://townofpoundwi.com/town-board/,,Marinette,y,TownWeb,pdf
Pound Village Board,6 p.m.,2nd Monday,,https://www.villageofpound.com/clerk.html,https://www.villageofpound.com/government.html,,Marinette,,,
Silver Cliff Town Board,7 p.m.,2nd Tuesday,,https://www.silvercliffwi.com/government/agendas-and-minutes/,https://www.silvercliffwi.com/government/town-board/,,Marinette,,,
Stephenson Town Board,7 p.m.,2nd Wednesday,,https://www.stephensonwisc.com/index.php/meeting-agendas,https://www.stephensonwisc.com/index.php/town-officials,,Marinette,,,
Wagner Town Board,6:30 p.m.,2nd Wednesday,,https://www.townofwagnerwi.org/board-meetings-2026-28.html,https://www.townofwagnerwi.org/,,Marinette,,,
Wausaukee School Board,5:30 p.m.,2nd Wednesday,,https://docs.google.com/document/d/14DVFLJSqwk-pogTBhcEQ48Md6hB-LSpvWi3p9VuZevI/edit?tab=t.0,https://www.wausaukee.k12.wi.us/board-of-education/board-of-education.cfm,,Marinette,,,
Wausaukee Town Board,7 p.m.,2nd Tuesday,,https://townofwausaukee.com/index.php/notices,https://townofwausaukee.com/index.php/town-board-members,"Agendas posted under ""Notices"" section. ",Marinette,,,
Wausaukee Village Board,5 p.m.,3rd Monday,,https://www.villageofwausaukee.com/agendasandminutes,https://www.villageofwausaukee.com/electedofficials,,Marinette,,,
Oconto County Board,9 a.m.,3rd Thursday,,https://www.ocontocountywi.gov/AgendaCenter/County-Board-2,https://www.ocontocountywi.gov/453/County-Board,,Oconto,,,
Gillett Common Council,6 p.m.,1st or 2nd Thursday,,https://cityofgillett.com/government/city-council/council-agenda-minutes/,https://cityofgillett.com/government/city-council/,,Oconto,,,
Oconto Common Council,6 p.m.,3rd Tuesday,Yes - on YouTube,https://cityofoconto.com/agendas-minutes/?tx_category=council-agenda,https://cityofoconto.com/city-council/,,Oconto,,,
Oconto Falls Common Council,6 p.m.,2nd Tuesday,,https://cityofocontofalls.com/government/city-council/current-meeting-agendas/,https://cityofocontofalls.com/government/city-council/,No current agendas posted,Oconto,,,
Abrams Town Board,6 p.m.,3rd Tuesday,,https://townofabrams.com/agendas-minutes/,https://townofabrams.com/government/,,Oconto,,,
Bagley Town Board,6 p.m.,2nd Tuesday,,"https://www.ocontocountywi.gov/AgendaCenter/Search/?term=&CIDs=29,&startDate=&endDate=&dateRange=&dateSelector=",https://www.ocontocountywi.gov/481/Town-Board,,Oconto,,,
Brazeau Town Board,6:30 p.m.,3rd Tuesday,,https://townofbrazeau.com/government/town-board/town-board-agendas-and-minutes/,https://townofbrazeau.com/government/town-board/,,Oconto,,,
Breed Town Board,6 or 7 p.m.,2nd Tuesday,,https://townofbreedwi.org/agendas-minutes/,https://townofbreedwi.org/town-officials/,,Oconto,,,
Chase Town Board,6:30 or 7:30 p.m.,2nd Monday and 4th Wednesday,,https://townofchase.org/meeting-minutes/,https://townofchase.org/town-board/,"Board meeting is on 2nd Monday, workshop is 4th Wednesday",Oconto,,,
Doty Town Board,7 p.m.,2nd Tuesday,,https://townofdoty.org/agendas-minutes/,https://townofdoty.org/town-contacts/,,Oconto,y,TownWeb,pdf
Gillett Town Board,,,,,,I could not find a website for the town,Oconto,,,
How Town Board,6 p.m.,2nd Tuesday,,https://townofhow.com/agendas-minutes/,https://townofhow.com/town-board/,,Oconto,y,TownWeb,pdf
Lakewood Town Board,7 p.m.,2nd Monday,,https://www.lakewoodwisconsin.org/town-of-lakewood/about-us/minutes-and-agendas/agendas/?committees=town-board,https://www.lakewoodwisconsin.org/town-of-lakewood/about-us/town-staff-directory/,,Oconto,,,
Lena Town Board,,,,,,I could not find a website for the town,Oconto,,,
Little River Town Board,7 p.m.,3rd Wednesday,,https://townoflittleriver.com/upcoming-agenda/,https://townoflittleriver.com/town-board/,,Oconto,,,
Little Suamico Town Board,6 p.m.,2nd Monday,,https://townoflittlesuamico.com/town-meetings-and-agendas/,https://townoflittlesuamico.com/contact-us/,Scroll down the contact page to find Town Board members,Oconto,,,
Maple Valley Town Board,,,,,,I could not find a website for the town. ,Oconto,,,
Morgan Town Board,6 p.m.,2nd Monday,,https://www.townofmorgan.org/agenda-minutes/,https://www.townofmorgan.org/town-directory/,,Oconto,,,
Mountain Town Board,7 p.m.,2nd Tuesday,,https://www.townofmountain.com/town-board-agenda-notices/,https://www.townofmountain.com/town-board/,,Oconto,,,
Oconto Town Board,6 p.m.,2nd Monday,,https://townofoconto.com/minutes.html,https://townofoconto.com/govt.html,,Oconto,,,
Oconto Falls Town Board,6 p.m.,2nd Monday,,https://townofocontofalls.org/agendas-meetings/,https://townofocontofalls.org/board-contacts/,,Oconto,,,
Pensaukee Town Board,6 p.m.,2nd Tuesday,,https://townofpensaukee.org/agendas-minutes/,https://townofpensaukee.org/town-board/,,Oconto,y,TownWeb,pdf
Riverview Town Board,7 p.m.,2nd Tuesday,,"https://www.ocontocountywi.gov/AgendaCenter/Search/?term=&CIDs=23,24,25,26,27,28,&startDate=&endDate=&dateRange=&dateSelector=",https://www.ocontocountywi.gov/512/Staff,They didn't post a March agenda,Oconto,,,
Spruce Town Board,7 p.m.,2nd or 3rd Wednesday,,https://www.townofspruce.net/government,https://www.townofspruce.net/government,,Oconto,,,
Stiles Town Board,6 p.m.,2nd Wednesday,,https://townofstiles.org/town-board-agendas/,https://townofstiles.org/town-board/,,Oconto,,,
Townsend Town Board,6 p.m.,2nd Tuesday,,https://www.townsendwisconsin.org/meeting-minutes,https://www.townsendwisconsin.org/about-our-team,,Oconto,,,
Underhill Town Board,7:30 p.m.,1st Tuesday,,https://townofunderhill.com/agendas-minutes/,https://townofunderhill.com/town-board-staff/,,Oconto,y,TownWeb,pdf
Lena Village Board,6 p.m.,3rd Monday,,https://villageoflena.net/government/agendas-and-minutes/,https://villageoflena.net/contact-us/,,Oconto,,,
Pulaski Village Board,6 p.m.,1st Monday,,https://www.villageofpulaski.org/government/village_board/agendas_minutes.php#outer-241,https://www.villageofpulaski.org/government/village_board/index.php,,Oconto,,,
Suring Village Board,5 p.m.,2nd Tuesday,,https://ci.suring.wi.us/agendas-minutes/,https://ci.suring.wi.us/village-board/,,Oconto,y,TownWeb,pdf
Wabeno School Board,6 p.m.,1st Wednesday,,https://drive.google.com/drive/folders/1TrpN_3U2_vLX8tQJy88KF8VRnKCLob_E,https://www.wabeno.k12.wi.us/agendas,,Oconto,,,
Coleman School Board,6 p.m.,3rd Monday,,https://drive.google.com/drive/folders/12kNywoSHkYnE7DkDkF4FXShvMp9p0i-g,https://www.coleman.k12.wi.us/en-US/school-board-822c7233,Schedule for board meeting dates is on board home page,Oconto,,,
Suring School Board,5:30 p.m.,2nd Wednesday,,https://suringk12.community.highbond.com/Portal/MeetingInformation.aspx?Org=Cal&Id=112,https://www.suring.k12.wi.us/district/boardmembers.cfm,,Oconto,,,
Gillett School Board,6:30 p.m.,3rd Wednesday,,https://gillett.community.highbond.com/Portal/MeetingInformation.aspx?Id=314,https://gillett.community.highbond.com/portal/members.aspx?id=10,,Oconto,,,
Oconto Falls School Board,6:30 p.m.,3rd Monday ?,Yes - on YouTube,https://www.ofpanthers.com/district/board.cfm,https://www.ofpanthers.com/district/board.cfm,They only post 1 agenda at a time. Minutes are not up-to-date,Oconto,,,
Pulaski School Board,6 p.m.,1st and 3rd Wednesdays,Yes - on YouTube,https://www.pulaskischools.org/boe/meetings-agendas,https://www.pulaskischools.org/boe,,Oconto,,,
Oconto School Board,6 p.m.,3rd Monday,,https://oconto.k12.wi.us/en-US/about-the-board-3ac47b5c/meeting-minutes-agendas-745ab294,https://oconto.k12.wi.us/en-US/about-the-board-3ac47b5c,,Oconto,,,
Lena School Board,7:30 p.m.,3rd Monday,,https://www.lena.k12.wi.us/documents/board-of-education/board-agendas/22008294,https://www.lena.k12.wi.us/page/board-or-education,They haven't posted an agenda since January,Oconto,,,
Crivitz School Board,6 p.m.,3rd Wednesday,,https://www.crivitz.k12.wi.us/board-of-education/agendas/2025-26-board-agendas,https://www.crivitz.k12.wi.us/board-of-education/board-members,Audio available after the fact,Oconto,,,
Shawano County Board,3 p.m.,4th Wednesday,,https://coshawanowi.civicweb.net/Portal/MeetingInformation.aspx?Id=19333,https://coshawanowi.civicweb.net/portal/members.aspx?id=16,,Shawano,,,
Almon Town Board,5 or 7 p.m.,2nd Monday,,,,I couldn't find a website online,Shawano,,,
Anglelica Town Board,6:30 p.m.,2nd Monday,,http://www.townofangelica.com/town-board-meetings.html,http://www.townofangelica.com/directory.html,,Shawano,,,
Aniwa Town Board,7:30 p.m.,2nd Monday,,,,I couldn't find a website online,Shawano,,,
Bartelme Town Board,6:30 p.m.,2nd Thursday,,,,I couldn't find a website online,Shawano,,,
Belle Plaine Town Board,9:30 a.m.,2nd Monday,,https://belleplainewi.com/town-information/meetings-notices/,https://belleplainewi.com/contact-us/,"They have any agendas posted on the site, but they have minutes posted through January",Shawano,,,
Birnamwood Town Board,6 p.m.,3rd Monday,,https://townofbirnamwood.wi.gov/agenda-minutes.php,https://townofbirnamwood.wi.gov/officials.php,They don't have any agendas posted,Shawano,,,
Fairbanks Town Board,6:30 p.m.,2nd Monday,,,,I couldn't find a website online,Shawano,,,
Germania Town Board,,,,,,I couldn't find a website online,Shawano,,,
Grant Town Board,7 p.m.,1st Monday,,https://townofgrantshawanowi.gov/agendas-minutes/,https://townofgrantshawanowi.gov/town-board/,,Shawano,y,TownWeb,pdf
Green Valley Town Board,7 p.m.,2nd Wednesday,,https://townofgreenvalley.com/meetings/,https://townofgreenvalley.com/town-board/,,Shawano,y,TownWeb,pdf
Hartland Town Board,7 p.m.,2nd Monday,,https://www.townofhartlandwi.com/meetings.html,https://www.townofhartlandwi.com/government.html,,Shawano,,,
Herman Town Board,7 p.m.,3rd Wednesday,,https://www.townofherman-shawano.com/agendas-minutes.html,https://www.townofherman-shawano.com/town-officers.html,,Shawano,,,
Hutchins Town Board,7 p.m.,2nd Tuesday,,,,I couldn't find a website online,Shawano,,,
Lessor Town Board,7 p.m.,2nd Tuesday,,https://townoflessor.com/agendas-minutes/,https://townoflessor.com/town-board/,,Shawano,y,TownWeb,pdf
Maple Grove Town Board,7:30 p.m.,2nd Monday,,,,"I couldn't find a website online - there's also a town of Maple Grove in Manitowoc, Co. ",Shawano,,,
Morris Town Board,7 p.m.,3rd Wednesday,,,,I couldn't find a website online,Shawano,,,
Navarino Town Board,6 or 7 p.m.,2nd Tuesday,,https://townofnavarino.org/agendas-minutes/,https://townofnavarino.org/town-directory/,They haven't posted an agenda since November 2025,Shawano,y,TownWeb,pdf
Pella Town Board,7 p.m.,2nd Monday,,https://townofpella.com/monthly-meeting-agendas-1,https://townofpella.com/town-board-members,,Shawano,,,
Red Springs Town Board,7 p.m.,2nd Wednesday,,https://townofredsprings.com/meeting-agendas,https://townofredsprings.com/contacts,,Shawano,,,
Richmond Town Board,7 p.m.,2nd Monday,,https://richmondwi.com/agendas-minutes/,https://richmondwi.com/town-board-staff/,,Shawano,,,
Seneca Town Board,5:30 p.m.,2nd Thursday,,http://www.senecawi.com/agendas--minutes.html,http://www.senecawi.com/town-board-members.html,,Shawano,,,
Washington Town Board,7 p.m.,2nd Tuesday,,https://townofwashingtonshawanoco.com/agendas-minutes/,https://townofwashingtonshawanoco.com/staff-directory/,,Shawano,y,TownWeb,pdf
Waukechon Town Board,7 p.m.,2nd Monday,,,,I couldn't find a website online,Shawano,,,
Wescott Town Board,4 p.m.,2nd Thursday,,http://townofwescott.com/agendas/,https://townofwescott.com/town-board-staff/,,Shawano,y,TownWeb,pdf
Wittenberg Town board,6:30 p.m.,3rd Tuesday,,https://townofwittenbergwi.gov/meetings/,https://townofwittenbergwi.gov/staff-directory/,,Shawano,,,
Aniwa Village Board,7:30 p.m.,1st Monday,,,,I couldn't find a website online,Shawano,,,
Birnamwood Village Board,7 p.m.,2nd and 4th Monday,,,https://villageofbirnamwood.com/government/,They haven't posted agendas on the website since 2024.,Shawano,,,
Bonduel Village Board,6 p.m.,2nd Wednesday,,https://villageofbirnamwood.com/,https://villageofbonduel.com/village-board/,,Shawano,,,
Bowler Village Board,6:30 or 7 p.m.,2nd Monday,,https://villageofbonduel.com/agendas-minutes/,,I couldn't find a website online,Shawano,,,
Cecil Village Board,6 p.m.,3rd Tuesday,,http://villageofcecil.com/village_board.html,http://villageofcecil.com/village_board.html,They haven't posted any agendas in 2026,Shawano,,,
Eland Village Board,7 p.m.,2nd Monday,,https://villageofeland.wi.gov/minutes.php,https://villageofeland.wi.gov/officials.php,,Shawano,,,
Gresham Village Board,6 p.m.,3rd Tuesday,,https://visit-gresham.com/government/,https://visit-gresham.com/government/,Scroll all the way down to see the board members,Shawano,,,
Mattoon Village Board,7 p.m.,2nd Monday,,,https://villageofmattoon.org/contact-us/,No agendas or list of village board members on the website,Shawano,,,
Pulaski Village Board,6 p.m.,1st Monday,,https://www.villageofpulaski.org/government/village_board/agendas_minutes.php#outer-241,https://www.villageofpulaski.org/government/village_board/index.php,They seem to have special meetings every month. ,Shawano,,,
Tigerton Village Board,5:30 p.m.,1st Monday,,https://gladinet.hbscloudservices.com/portal/RawWebAppPage.aspx/fid/13272153413696741372_11723006452166964420,https://www.tigertonwi.com/village-board-1,,Shawano,,,
Wittenberg Village Board,6 p.m.,1st and 3rd Tuesday,,https://villageofwittenberg.com/agendas-minutes/,https://villageofwittenberg.com/village-board/,,Shawano,y,TownWeb,pdf
Marion Common Council,6 p.m.,2nd Monday,,https://cityofmarionwi.gov/index.asp?SEC=46D82431-1791-48A3-96C7-9A7CFA9D06B7&DE=5F0381AB-3046-4FE3-8002-DCDE67E27FA3,https://cityofmarionwi.gov/mayor-council,,Shawano,,,
Shawano Common Council,6 p.m.,2nd Wednesday,,https://shawanowi.civicweb.net/Portal/MeetingInformation.aspx?Id=11680,https://shawanowi.civicweb.net/portal/members.aspx?id=10,,Shawano,,,
Antigo School Board,6:15 p.m.,3rd Wednesday,,https://go.boarddocs.com/wi/antigo/Board.nsf/Public,https://www.antigo.k12.wi.us/district/school-board.cfm,,Shawano,y,BoardDocs,
Bonduel School Board,7 p.m.,1st and 3rd Monday,,https://www.bonduel.k12.wi.us/district/boardminutes.cfm,https://www.bonduel.k12.wi.us/district/boarddirectory.cfm,,Shawano,,,
Bowler School Board,6 p.m.,3rd Monday,,https://www.bowler.k12.wi.us/page/agendas-minutes,https://www.bowler.k12.wi.us/page/board-contacts1,,Shawano,,,
Clintonville School Board,6 p.m.,2nd and 4th Monday,,https://drive.google.com/drive/folders/13TRKsMP0J_q1MzLc7oC0D37SRbequpJv,https://www.clintonville.k12.wi.us/page/board-members,,Shawano,,,
Gillett School Board,6:30 p.m.,3rd Wednesday,,https://gillett.community.highbond.com/Portal/MeetingInformation.aspx?Id=314,https://gillett.community.highbond.com/portal/members.aspx?id=10,,Shawano,,,
Gresham School Board,6 p.m.,1st and 3rd Monday,,https://sites.google.com/a/gresham.k12.wi.us/gresham-school-district-board-of-education/home/meetings/2025-2026?authuser=0,https://www.gresham.k12.wi.us/page/school-board,,Shawano,,,
Marion School Board,5 p.m.,2nd Monday,,https://drive.google.com/drive/folders/1rI3FcZY7pau9MKgFiPUK-R40cl-Pgv5Z,https://www.marion.k12.wi.us/26025_3,,Shawano,,,
Menominee Indian School Board,5 p.m.,1st and 3rd Tuesday,,https://www.misd.k12.wi.us/documents/board/board-minutes-archive/board-minutes-2025-2026/22001509,https://www.misd.k12.wi.us/page/meet-the-board,,Shawano,,,
Pulaski School Board,6 p.m.,1st and 3rd Wednesdays,Yes - on YouTube,https://www.pulaskischools.org/boe/meetings-agendas,https://www.pulaskischools.org/boe,,Shawano,,,
Seymour School Board,6:30 p.m.,4th Tuesday,,https://go.boarddocs.com/wi/seymour/Board.nsf/Public,https://www.seymour.k12.wi.us/district/school-board.cfm,,Shawano,y,BoardDocs,
Shawano School Board,4:30 or 5 p.m.,4th Monday,,https://shawanoschools.community.highbond.com/Portal/MeetingInformation.aspx?Id=298,https://shawanoschools.community.highbond.com/portal/members.aspx?id=16,,Shawano,,,
Tigergton School Board,7 p.m.,3rd Monday,,https://www.tigerton.k12.wi.us/school-board-agendas,https://www.tigerton.k12.wi.us/school-board-members,,Shawano,,,
Wittenberg-Birnamwood School Board,6 p.m.,4th Monday,,https://www.wittbirn.k12.wi.us/district/meetingminutes.cfm,https://www.wittbirn.k12.wi.us/district/school-board.cfm,,Shawano,,,
Calumet County Board,6 p.m.,3rd Tuesday,Yes - link here,https://www.co.calumet.wi.us/agendacenter,https://www.co.calumet.wi.us/243/County-Board-of-Supervisors,,Calumet,,,
Appleton Common Council,7 p.m.,1st and 3rd Wednesdays,,https://cityofappleton.legistar.com/DepartmentDetail.aspx?ID=21236&GUID=5195F776-2598-4DA1-AEC9-17332BBCE3AC&Mode=MainBody,https://www.appletonwi.gov/government/common_council.php,,Calumet,,,
Brillion Common Council,6:30 p.m.,4th Monday,,https://www.brillionwi.gov/agendas,https://www.brillionwi.gov/city-council,,Calumet,,,
Chilton Common Council,6:30 p.m.,1st and 3rd Tuesdays,,https://chiltonwi.gov/index.asp?SEC=13D207FE-84FA-4A72-B367-611EB3481D82,https://chiltonwi.gov/common-council,,Calumet,,,
Kaukauna Common Council,7 p.m.,1st and 3rd Tuesdays,,https://kaukauna-wi.municodemeetings.com/,https://www.kaukauna.gov/common-council/,,Calumet,,,
Kiel Common Council,6 p.m.,2nd and 4th Tuesdays,,https://www.kielwi.gov/city-council-meetings,https://www.kielwi.gov/officials,,Calumet,,,
Menasha Common Council,6 p.m.,1st and 3rd Monday,,https://menashawi.portal.civicclerk.com/,https://www.menashawi.gov/residents/government/common_council/index.php,,Calumet,y,CivicClerk,
New Holstein Common Council,6:15 p.m.,3rd Wednesday,,https://cityofnewholstein.org/agendas-minutes/,https://cityofnewholstein.org/elected-officials/,,Calumet,y,TownWeb,pdf
Harrison Village Board,6 p.m.,4th Tuesday,,https://www.harrison.wi.gov/meetings,https://www.harrison.wi.gov/village-board,,Calumet,,,
Hilbert Village Board,6 p.m.,2nd Tuesday,,https://villageofhilbert.com/meeting_notices.php,https://villageofhilbert.com/village_board.php,,Calumet,,,
Potter Village Board,5:30 p.m.,2nd Monday,,https://villageofpotter.com/agenda-minutes.php,https://villageofpotter.com/officials.php,,Calumet,,,
Sherwood Village Board,6 p.m.,2nd and 4th Monday,,https://www.sherwoodwi.gov/index.asp?SEC={2FE083DA-C548-48DC-96BC-6A33A9DE436B},https://www.sherwoodwi.gov/index.asp?SEC=51ADFF36-211B-43B4-B91F-A5B8A5EEBF89,,Calumet,,,
Stockbridge Village Board,6 p.m.,1st Wednesday,,https://villageofstockbridgewi.gov/agendas-minutes/,https://villageofstockbridgewi.gov/village-officials/,,Calumet,y,TownWeb,pdf
Brillion Town Board,7 p.m.,2nd Tuesday,,https://townofbrillionwi.gov/agendas-minutes/,https://townofbrillionwi.gov/town-board-staff/,,Calumet,y,TownWeb,pdf
Brothertown Town Board,7 p.m.,1st Tuesday,,https://townofbrothertown.com/agendas-minutes/,https://townofbrothertown.com/town-board-staff/,,Calumet,y,TownWeb,pdf
Charlestown Town Board,7 p.m.,2nd Wednesday,,https://townofcharlestown.com/agendas-minutes/,https://townofcharlestown.com/town-contacts/,,Calumet,y,TownWeb,pdf
Chilton Town Board,6 p.m.,2nd Monday,,https://townofchiltonwi.gov/agendas-minutes/,https://townofchiltonwi.gov/town-board-staff/,,Calumet,,,
New Holstein Town Board,6 p.m.,2nd Wednesday,,https://www.townofnewholstein.com/agendas-and-minutes.php,https://www.townofnewholstein.com/town-officials-and-contacts.php,,Calumet,,,
Rantoul Town Board,6:30 p.m.,2nd Monday,,https://townofrantoul.com/agendas-minutes/,https://townofrantoul.com/town-board/,,Calumet,y,TownWeb,pdf
Stockbridge Town Board,7 p.m.,2nd Wednesday,,https://townofstockbridge.gov/agendas-minutes-notices/,https://townofstockbridge.gov/town-officials/,,Calumet,,,
Woodville Town Board,7 p.m.,1st Monday,,https://townofwoodvillewi.gov/agendas-minutes/,https://townofwoodvillewi.gov/town-board-staff/,,Calumet,y,TownWeb,pdf
Appleton School Board,6 p.m.,2nd and 4th Mondays,Yes,https://www.aasd.k12.wi.us/district/leadership/board-of-education,https://www.aasd.k12.wi.us/district/leadership/board-of-education,Scroll down on Board main page for agendas and minutes; Scroll down on the agenda page for info on livestream,Calumet,,,
Brillion School Board,7 p.m.,3rd Monday,,https://brillionpswi.sites.thrillshare.com/documents/district/board-of-education/2026-board-of-education-meeting-information/23476076,https://www.brillionsd.org/page/board-of-education,,Calumet,,,
Chilton School Board,6 p.m.,3rd Monday,,https://www.chilton.k12.wi.us/district/schoolboard/agenda-minutes/2676-2026-01-19-regular-boe-approved-minutes-january-2026,https://www.chilton.k12.wi.us/district/schoolboard/news,,Calumet,,,
Hilbert School Board,6 p.m.,3rd Monday,,https://www.hilbertk12.org/district/agendas.cfm,https://www.hilbertk12.org/district/board-of-education.cfm,,Calumet,,,
Kaukauna School Board,5:30 p.m.,2nd and 4th Monday,,https://go.boarddocs.com/wi/kasd/Board.nsf/Public,https://www.kaukauna.k12.wi.us/district/board-of-education,,Calumet,y,BoardDocs,
Kiel School Board,5:30 p.m.,3rd Wednesday,Yes - on Vimeo,https://drive.google.com/drive/u/0/folders/13TLdOvMr0t6stpiYHOIjA_VXEph8nxRA,https://www.kiel.k12.wi.us/district/school_board.cfm,They don't have any agendas publicly available for 2025-26,Calumet,,,
Kimberly School Board,6:30 p.m.,2nd and 4th Mondays,,https://go.boarddocs.com/wi/kasdwi/Board.nsf/Public,https://www.kimberly.k12.wi.us/departments/boe,,Calumet,y,BoardDocs,
Menasha School Board,6:15 p.m.,2nd and 4th Monday,,https://go.boarddocs.com/wi/mjsd/Board.nsf/Public,https://www.mjsd.k12.wi.us/district/board.cfm,,Calumet,y,BoardDocs,
New Holstein School Board,7 p.m.,3rd Monday,,https://www.nhsd.k12.wi.us/board/2026.cfm,https://www.nhsd.k12.wi.us/board/,,Calumet,,,
Stockbridge School Board,5 p.m.,3rd Wednesday,,https://www.stockbridge.k12.wi.us/district/agendas-minutes.cfm,https://www.stockbridge.k12.wi.us/district/board-of-education.cfm,,Calumet,,,
Manitowoc County Board,6 p.m.,3rd Tuesday,,https://manitowoccountywi.gov/government/agendas-and-minutes/county-board/,https://manitowoccountywi.gov/departments/county-board-of-supervisors/,,Manitowoc,,,
Manitowoc Common Council,6:30 p.m.,3rd Monday,,https://www.manitowoc.org/Archive.aspx?AMID=37,https://www.manitowoc.org/77/Common-Council,,Manitowoc,,,
Two Rivers Common Council,6 p.m.,1st and 3rd Monday,,https://www.two-rivers.org/meetings,https://www.two-rivers.org/citycouncil,,Manitowoc,,,
Kiel Common Council,6 p.m.,2nd and 4th Tuesdays,,https://www.kielwi.gov/city-council-meetings,https://www.kielwi.gov/officials,,Manitowoc,,,
Cato Town Board,7:30 p.m.,1st Monday,,https://townofcato.com/agendas-minutes/,https://townofcato.com/town-board/,,Manitowoc,y,TownWeb,pdf
Centerville Town Board,6 p.m.,2nd Thursday,,http://www.townofcenterville.us/town-meetings.html,http://www.townofcenterville.us/town-board.html,,Manitowoc,,,
Cooperstwon Town Board,7 p.m.,2nd Tuesday,,https://townofcooperstownwi.gov/agendas-minutes/,https://townofcooperstownwi.gov/town-board/,,Manitowoc,y,TownWeb,pdf
Eaton Town Board,6:30 p.m.,2nd Monday,,https://tn.eaton-manitowoc.wi.gov/agenda-minutes.php,https://tn.eaton-manitowoc.wi.gov/officials.php,,Manitowoc,,,
Franklin Town Board,7 p.m.,2nd Tuesday,,https://townoffranklin-wi.com/agendas-minutes/,https://townoffranklin-wi.com/town-officers/,,Manitowoc,y,TownWeb,pdf
Gibson Town Board,6:30 or 7 p.m.,Varies,,https://townofgibsonwi.gov/agendas-minutes/,https://townofgibsonwi.gov/town-board/,,Manitowoc,,,
Kossuth Town Board,7 p.m.,2nd Monday,,https://townofkossuth.wi.gov/agendas-minutes/,https://townofkossuth.wi.gov/town-board/,,Manitowoc,,,
Liberty Town Board,7 p.m.,2nd Monday,,https://townoflibertywi.com/meetings/,https://townoflibertywi.com/town-contacts/,,Manitowoc,y,TownWeb,pdf
Manitowoc Town Board,7 p.m.,2nd Monday,,https://www.townofmanitowoc.org/meetings/,https://www.townofmanitowoc.org/town-board-members/,,Manitowoc,y,TownWeb,pdf
Manitowoc Rapids Town Board,6:30 p.m.,2nd Wednesday,,https://www.townofmanitowocrapids.org/calendar,https://www.townofmanitowocrapids.org/contact,,Manitowoc,,,
Maple Grove Town Board,7:30 p.m.,2nd Tuesday,,https://maplegrovewi.gov/agendas-minutes/,https://maplegrovewi.gov/town-of-maple-grove-officers/,,Manitowoc,y,TownWeb,pdf
Meeme Town Board,6:30 p.m.,3rd Monday,,https://www.townofmeemewi.com/minutes.php,https://www.townofmeemewi.com/officials.php,,Manitowoc,,,
Mishicot Town Board,7 p.m.,1st Monday,,https://www.townofmishicot.org/government/agendas-and-minutes/,https://www.townofmishicot.org/government/town-board/,,Manitowoc,,,
Newton Town Board,5 p.m.,2nd Wednesday,,https://www.townofnewton.org/agendas-minutes/,https://www.townofnewton.org/town-board-members/,,Manitowoc,,,
Rockland Town Board,7 p.m.,2nd Monday,,https://townofrocklandmanitowoccountywi.gov/meetings/,https://townofrocklandmanitowoccountywi.gov/town-board-staff/,,Manitowoc,y,TownWeb,pdf
Schleswig Town Board,6:30 p.m.,2nd Wednesday,,https://townofschleswig.com/agendas-minutes/,https://townofschleswig.com/town-board/,,Manitowoc,y,TownWeb,pdf
Two Creeks Town Board,7 p.m.,2nd Monday,,https://www.townoftwocreeks.com/agendas-minutes/,https://www.townoftwocreeks.com/town-board/,,Manitowoc,y,TownWeb,pdf
Two Rivers Town Board,6 p.m.,2nd Monday,,https://www.townoftwocreeks.com/agendas-minutes/,https://townoftworivers.wi.gov/officials.php,,Manitowoc,y,TownWeb,pdf
Cleveland Village Board,6 p.m.,3rd Tuesday,,https://clevelandwi.gov/links/notices-and-agendas/,https://clevelandwi.gov/contact/,,Manitowoc,,,
Francis Creek Village Board,7 p.m.,1st Monday,,https://www.franciscreek.org/agendas-minutes-1/cbf9bc95-a196-43d9-bdfb-4d9933c29e6b,,,Manitowoc,,,
Mishicot Village Board,6 p.m.,3rd Tuesday,,https://vi.mishicot.wi.gov/agendas-minutes/,https://vi.mishicot.wi.gov/village-board-staff/,,Manitowoc,,,
Reedsville Village Board,6 p.m.,2nd Monday,,https://reedsvillewi.gov/agendas-minutes/,https://reedsvillewi.gov/village-board-officials/,,Manitowoc,,,
St. Nazianz Village Board,6:30 p.m.,3rd Tuesday,,https://vi.stnazianz.wi.gov/agendas,https://vi.stnazianz.wi.gov/village-board,,Manitowoc,,,
Valders Village Board,7 p.m.,2nd Monday,,https://www.valders.org/agenda-minutes.php,https://www.valders.org/officials.php,,Manitowoc,,,
Whitelaw Village Board,7 p.m.,1st Monday,,https://villageofwhitelaw-wi.gov/agendas-minutes/,https://villageofwhitelaw-wi.gov/department/,,Manitowoc,,,
Manitowoc School Board,6 p.m.,2nd Tuesday,Yes - on YouTube,https://manitowocpublicschools.community.diligentoneplatform.com/Portal/MeetingTypeList.aspx,https://www.manitowocpublicschools.org/district/board-of-education.cfm,,Manitowoc,,,
Mishicot School Board,5:30 p.m.,2nd and 4th Monday,,https://meetings.boardbook.org/Public/Organization/1698,https://www.mishicot.k12.wi.us/o/district/staff?filter=14850&filter_ids=14850,,Manitowoc,,,
Valders School Board,6:30 p.m.,4th Monday,,https://www.valders.k12.wi.us/district/board-meetings.cfm,https://www.valders.k12.wi.us/district/school-board.cfm,,Manitowoc,,,
Two Rivers School Board,5:45 p.m.,2nd and 4th Monday,,https://go.boarddocs.com/wi/twosd/Board.nsf/Public,https://www.trschools.k12.wi.us/about-us/school-board/school-board-members,,Manitowoc,y,BoardDocs,
Kewaunee County Board,6 p.m.,3rd Tuesday,Yes,https://www.kewauneeco.org/government/agendas_and_minutes/agendas/?committees=county-board,https://www.kewauneeco.org/government/boards_and_committees/,,Kewaunee,,,
Ahnapee Town Board,6 p.m.,3rd Wednesday,,https://drive.google.com/drive/folders/1avEKSSluk3xjkgaL0GHk1rQ4lv59OKxd,https://townofahnapee.org/town-board/,,Kewaunee,,,
Carlton Town Board,5:30 or 6 p.m.,2nd Tuesday,,https://townofcarltonwi.com/agendas-minutes/,https://townofcarltonwi.com/town-officials/,,Kewaunee,y,TownWeb,pdf
Casco Town Board,7 p.m.,Last Tuesday,,,https://www.townofcascowi.com/,"They post minutes of past meetings, I don't see any agendas / Scroll all the way to the bottom of the homepage for a list of town board officials",Kewaunee,,,
Franklin Town Board,6 p.m.,2nd Monday,,https://franklinkewauneecowi.gov/agenda-minutes/,https://franklinkewauneecowi.gov/contact/,,Kewaunee,,,
Lincoln Town Board,7 p.m.,1st Monday,,https://lincolnkewauneewi.com/meetings/,https://lincolnkewauneewi.com/town-board-staff/,,Kewaunee,y,TownWeb,pdf
Luxemburg Town Board,7 p.m.,4th Wednesday,,https://www.townofluxemburgwi.com/,https://www.townofluxemburgwi.com/,"Click ""Town Meeting Agenda"" for latest agenda / scroll all the way down the home page for a list of town board members",Kewaunee,,,
Montpelier Town Board,7:30 p.m.,3rd Wednesday,,https://sites.google.com/view/townofmontpelier/home?authuser=0,https://sites.google.com/view/townofmontpelier/contact-information?authuser=0,,Kewaunee,,,
Pierce Town Board,6:30 p.m.,3rd Wednesday,,http://www.townofpierce.com/posted-1.html,http://www.townofpierce.com/contact.html,,Kewaunee,,,
Red River Town Board,7 p.m.,3rd Wednesday,,https://townofredriverwis.gov/agenda-minutes/,https://townofredriverwis.gov/contact-2/,,Kewaunee,,,
West Kewaunee Town Board,6 p.m.,3rd Thursday,,https://www.townofwestkewaunee.com/agendasandminutes/402f1d74-429f-4c4c-82e9-7c443738abe9,https://www.townofwestkewaunee.com/townofficials,,Kewaunee,,,
Casco Village Board,6:30 p.m.,1st Tuesday,,https://villageofcascowi.gov/meeting-minutes/,https://villageofcascowi.gov/village-board/,,Kewaunee,,,
Luxemburg Village Board,7 p.m.,2nd Tuesday,,https://luxemburgusa.com/government/agenda___minutes.php#outer-206sub-212,https://luxemburgusa.com/government/officials.php,,Kewaunee,,,
Algoma Common Council,5 p.m.,1st Monday,,https://www.towncloud.io/go/algoma-wi/,https://www.algomacity.org/government/city_council.php,,Kewaunee,,,
Kewaunee Common Council,6 p.m.,2nd Monday,,https://cityofkewauneewi.gov/agendas-minutes/,https://cityofkewauneewi.gov/common-council/,,Kewaunee,,,
Algoma School Board,6 p.m.,4th Monday,,https://alghs.community.highbond.com/Portal/MeetingInformation.aspx?Id=86,https://www.algomawolves.org/district/school-board.cfm,,Kewaunee,,,
Denmark School Board,6 p.m.,2nd Monday,,https://go.boarddocs.com/wi/den/Board.nsf/Public,https://www.denmark.k12.wi.us/page/board-of-education,,Kewaunee,y,BoardDocs,
Kewaunee School Board,4:30 p.m.,3rd Monday,,https://www.kewaunee.k12.wi.us/page/board-agendas,https://www.kewaunee.k12.wi.us/page/board-members,,Kewaunee,,,
Luxemburg-Casco School Board,7 p.m.,3rd Wednesday,,https://drive.google.com/drive/folders/1ynX8Bm_bQtzyQQylYfFg_2Ezfy-e1EYT,https://www.luxcasco.k12.wi.us/district/board-of-education,,Kewaunee,,,
Door County Board,9 or 10 a.m.,4th Tuesday,,"https://www.co.door.wi.gov/AgendaCenter/Search/?term=&CIDs=35,&startDate=&endDate=&dateRange=&dateSelector=",https://www.co.door.wi.gov/234/County-Board-of-Supervisors,,Door,,,
Sturgeon Bay Common Council,6 p.m.,1st and 3rd Tuesday,,https://www.sturgeonbaywi.org/government/committees___commissions/minutes___agendas/common_council.php,https://www.sturgeonbaywi.org/government/city_council/index.php,,Door,,,
Egg Harbor Village Board,9 a.m.,2nd Wednesday,,https://villageofeggharbor.gov/villageboard,https://villageofeggharbor.gov/officials,,Door,,,
Ephraim Village Board,8 a.m.,2nd Tuesday,,https://ephraim.wi.gov/agendas-minutes/,https://ephraim.wi.gov/village-board/,,Door,,,
Forestville Village Board,6 p.m.,3rd Monday,,https://villageofforestvillewi.gov/agendas-minutes/,https://villageofforestvillewi.gov/village-board/,,Door,y,TownWeb,pdf
Sister Bay Village Board,6 p.m.,3rd Tuesday,,https://sisterbaywi.gov/meetings/,https://sisterbaywi.gov/trustee-listing-contact-information/,,Door,y,TownWeb,pdf
Baileys Harbor Town Board,6 p.m.,2nd Monday,,https://baileysharborwi.gov/agendas-minutes/,https://baileysharborwi.gov/town-board/,,Door,y,TownWeb,pdf
Brussels Town Board,6:30 p.m.,2nd Wednesday,,https://www.townofbrussels.com/agendas-minutes/,https://www.townofbrussels.com/town-contacts/,,Door,y,TownWeb,pdf
Clay Banks Town Board,6 p.m.,2nd Monday,,https://tn.claybanks.wi.gov/agendas-minutes/,https://tn.claybanks.wi.gov/town-board/,,Door,y,TownWeb,pdf
Egg Harbor Town Board,6 p.m.,3rd Monday,,https://www.townofeggharbor.org/agendas-minutes/,https://www.townofeggharbor.org/town-board/,,Door,,,
Forestville Town Board,6:30 p.m.,3rd Monday,,https://forestvilletown.wi.gov/agendas-minutes/,https://forestvilletown.wi.gov/town-officials/,,Door,y,TownWeb,pdf
Gardner Town Board,6:30 p.m.,2nd Wednesday,,https://townofgardnerwi.gov/agendas-minutes/,https://townofgardnerwi.gov/town-officials/,,Door,y,TownWeb,pdf
Gibraltar Town Board,6 p.m.,1st Wednesday,,https://gibraltarwi.gov/agendas-minutes/#town-board,https://gibraltarwi.gov/town-board/,,Door,y,TownWeb,pdf
Jacksonport Town Board,7 p.m.,Varies,,https://jacksonportwi.gov/agendas-minutes/,https://jacksonportwi.gov/town-board/,,Door,,,
Liberty Grove Town Board,6 p.m.,1st and 3rd Wednesday,,https://libertygrovewi.gov/agendas-minutes/,https://libertygrovewi.gov/town-board/,,Door,y,TownWeb,pdf
Nasewaupee Town Board,6 p.m.,3rd Thursday,,https://townofnasewaupeewi.gov/agendas-minutes/,https://townofnasewaupeewi.gov/town-board/,,Door,y,TownWeb,pdf
Sevastopol Town Board,7 p.m.,3rd Monday,,https://townofsevastopolwi.gov/agendas-minutes-video/,https://townofsevastopolwi.gov/town-board/,,Door,y,TownWeb,pdf
Sturgeon Bay Town Board,6 p.m.,2nd Monday,,https://townofsturgeonbay-wi.gov/agendas-minutes/,https://townofsturgeonbay-wi.gov/town-board-staff/,,Door,,,
Union Town Board,6 p.m.,2nd Wednesday,,https://www.townofuniondoorwi.gov/agendas-minutes/,https://www.townofuniondoorwi.gov/staff-directory/,,Door,y,TownWeb,pdf
Washington Town Board,6 p.m.,3rd Wednesday,,https://www.washingtonisland-wi.gov/government,https://www.washingtonisland-wi.gov/government,,Door,,,
Gibraltar School Board,7 p.m.,2nd and 4th Monday,,https://www.gibraltar.k12.wi.us/documents/administration/board-of-education/meeting-agendas/2026-calendar-year---meeting-agendas/25313766,https://www.gibraltar.k12.wi.us/page/board-of-education,,Door,,,
Sevastopol School Board,6 p.m.,3rd Wednesday,,https://www.sevastopol.k12.wi.us/school_board/school_board_agendas,https://www.sevastopol.k12.wi.us/school_board/school_board_members,,Door,,,
Southern Door School Board,6 or 6:30 p.m.,3rd Monday,,https://docs.google.com/document/d/1GdDYVQ0kvVOTUVHMRVdTSl7TQbeT_r4YJu-oRSwgPmk/edit?tab=t.0#heading=h.tosblamz4ey,https://www.sdsd.k12.wi.us/cms/one.aspx?pageId=1026205,,Door,,,
Sturgeon Bay School Board,6 p.m.,3rd Wednesday,,https://www.sturbay.k12.wi.us/district/agendas.cfm,https://www.sturbay.k12.wi.us/district/board-of-education.cfm,,Door,,,
